var,adf_stat,pvalue,nobs
y,-2.69354045298058,0.0751627384439677,79.0
y_return,-6.267711261895162,4.075398856279672e-08,79.0
